﻿<?xml version="1.0" encoding="UTF-8" standalone="yes"?>
<addon id="script.hideosdx" version="2021.08.30" name="Hide Video OSD" provider-name="aenema, dEXE">
	<requires>
		<import addon="xbmc.python" version="3.0.0" />
	</requires>
	<extension point="xbmc.python.pluginsource" library="main.py">
		<provides>executable</provides>
	</extension>
	<extension point="xbmc.service" library="service.py" start="startup" />
	<extension point="xbmc.addon.metadata">
        <description>A Simple script to autohide video osd for inactivity. Timeout can be set in the addon settings.</description>
		<summary lang="en">Autohide Video OSD</summary>
		<platform>all</platform>
		<news>New unofficial addon [CR] - Version 2021.08.30[CR] Kodi Matrix (v19) update</news>
		<website>-</website>
		<email>-</email>
		<forum>-</forum>
		<source>-</source>
        <assets>
            <icon>icon.png</icon>
		</assets>
	</extension>
</addon>