﻿<?xml version="1.0" encoding="UTF-8" standalone="yes"?>

<addon id="repository.dexe" name="dEXE's Addons Repository" version="2021.09.08" provider-name="dEXE">
    <extension point="xbmc.addon.repository" name="dEXE's Addons Repository">
	<dir minversion="16.0">
		<info compressed="false">https://raw.githubusercontent.com/deklica/dexerepo/master/addons.xml</info>
		<checksum>https://raw.githubusercontent.com/deklica/dexerepo/master/addons.xml.md5</checksum>
		<datadir zip="true">https://raw.githubusercontent.com/deklica/dexerepo/master/zips/</datadir>
	</dir>
    </extension>
    <extension point="xbmc.addon.metadata">
        <summary>dEXE's Repo</summary>
        <description>This is just a repo...</description>
        <platform>all</platform>
        <assets>
            <icon>icon.png</icon>
		</assets>
    </extension>
</addon>
